name,class
varja.lagos,Security
brand.tempestad,Engineering
isak.baza,IT
lucas.alcazar,IT
linnea.bergen,IT
loreto.bodrogi,Security
sten.sanjorge jr.,Executive
mat.bramar,Executive
ingrid.barranco,Executive
axel.calzas,Engineering
lars.azada,Engineering
stenig.fusil,Security
orhan.strum,Executive
albina.hafon,Facilities
nils.calixto,IT
felix.balas,Engineering
willem.vasco-pais,Executive
anda.ribera,Executive
benito.hawelon,Facilities
felix.resumir,Security
bertrand.ovan,Facilities
birgitta.frente,Engineering
carla.forluniau,IT
claudio.hawelon,Facilities
hennie.osvaldo,Security
cornelia.lais,Security
valeria.morlun,Facilities
cecilia.morluniau,Facilities
adan.morlun,Facilities
varro.awelon,Facilities
dante.coginian,Facilities
vira.frente,Engineering
ruscella.mies.haber,Facilities
kanon.herrero,Security
sven.flecha,IT
adra.nubarron,Engineering
dylan.scozzese,Facilities
rachel.pantanal,Executive
irene.nant,Facilities
marin.onda,Engineering
ada.campo-corrente,Executive
lidelse.dedos,Engineering
isia.vann,Security
inga.ferro,Security
elsa.orilla,Engineering
henk.mies,Facilities
gustav.cazar,Engineering
hideki.cocinaro,Security
isande.borrasca,Engineering
linda.lagos,Executive
edvard.vann,Security
kare.orilla,Engineering
emile.arpa,Facilities
minke.mies,Security